{
    "temperature": 0.7,
    "downfall": 0.8,
    "has_precipitation": true,
    "temperature_modifier": "none",
    "effects": {
      "sky_color": 12040119,
      "fog_color": 12638463,
      "water_color": 5001810,
      "water_fog_color": 5001810,
      "grass_color": 7039851,
      "foliage_color": 12040119
    },
    "spawners": {
      "misc": [],
      "monster": [
        {
          "type": "minecraft:spider",
          "weight": 100,
          "minCount": 4,
          "maxCount": 4
        },
        {
          "type": "minecraft:zombie",
          "weight": 95,
          "minCount": 4,
          "maxCount": 4
        },
        {
          "type": "minecraft:skeleton",
          "weight": 100,
          "minCount": 4,
          "maxCount": 4
        },
        {
          "type": "minecraft:creeper",
          "weight": 100,
          "minCount": 4,
          "maxCount": 4
        },
        {
          "type": "minecraft:enderman",
          "weight": 10,
          "minCount": 1,
          "maxCount": 4
        }
      ],
      "underground_water_creature": [],
      "water_ambient": [],
      "water_creature": []
    },
    "spawn_costs": {},
    "carvers": {
      "air": [
        "minecraft:cave",
        "minecraft:cave_extra_underground",
        "minecraft:canyon"
      ]
    },
    "features": [
      [
        "minecraft:ore_dirt",
        "minecraft:ore_gravel",
        "minecraft:ore_granite_upper",
        "minecraft:ore_granite_lower",
        "minecraft:ore_diorite_upper",
        "minecraft:ore_diorite_lower",
        "minecraft:ore_andesite_upper",
        "minecraft:ore_andesite_lower",
        "minecraft:ore_tuff",
        "minecraft:ore_coal_upper",
        "minecraft:ore_coal_lower",
        "minecraft:ore_iron_upper",
        "minecraft:ore_iron_middle",
        "minecraft:ore_iron_small",
        "minecraft:ore_gold",
        "minecraft:ore_gold_lower",
        "minecraft:ore_redstone",
        "minecraft:ore_redstone_lower",
        "minecraft:ore_diamond",
        "minecraft:ore_diamond_large",
        "minecraft:ore_diamond_buried",
        "minecraft:ore_lapis",
        "minecraft:ore_lapis_buried",
        "minecraft:ore_copper",
        "minecraft:underwater_magma",
        "minecraft:disk_sand",
        "minecraft:disk_clay",
        "minecraft:disk_gravel"
      ],
      [
        "minecraft:glow_lichen",
        "minecraft:trees_windswept_hills"
      ],
      [
        "minecraft:freeze_top_layer"
      ]
    ]
  }